id,genetic_findings_id,participant_id,experiment_id,date_reported,variant_type,variant_reference_assembly,chrom,pos,ref,alt,ClinGen_allele_ID,gene,transcript,hgvsc,hgvsp,zygosity,allele_balance_or_heteroplasmy_percentage,variant_inheritance,linked_variant,linked_variant_phase,gene_known_for_phenotype,known_condition_name,condition_id,condition_inheritance,GREGoR_variant_classification,GREGoR_ClinVar_SCV,public_database_other,public_database_ID_other,phenotype_contribution,partial_contribution_explained,additional_family_members_with_variant,method_of_discovery,notes,prior_testing,type_of_testing
4,1_92297408-92297412_PMGRC-151-151-0,PMGRC-151-151-0,,2023-12-12 15:02:26.278+00,SNV/INDEL,GRCh38,1,92297407,TTTCTT,T,CA070786,GLMN,ENST00000370360.8,c.157_161del,p.Glu52_Lys53insTer,Heterozygous,0,unknown,,,Known,Glomuvenous malformations,138000,Autosomal dominant,Pathogenic,,,,Full,Full,,SR-GS,,,
5,12_112489086_PMGRC-175-175-0,PMGRC-175-175-0,,2023-12-12 15:07:10.895+00,SNV/INDEL,GRCh38,12,112489086,G,A,CA220140,PTPN11,ENST00000351677.7,c.1510A>G,p.Met504Val,Heterozygous,0,de novo,,,Known,Noonan syndrome,163950,Autosomal dominant,Pathogenic,,,,Full,,,SR-GS,,,
6,8_140560427_PMGRC-538-538-0,PMGRC-538-538-0,,2023-12-12 15:10:14.174+00,SNV/INDEL,GRCh38,8,140560427,C,A,CA372323744,AGO2,ENST00000220592.10,c.602G>T,p.Gly201Val,Heterozygous,0,nonmaternal,,,Known,Lessel-Kreienkamp syndrome,619149,Autosomal dominant,Likely pathogenic,,,,Full,,,SR-GS,,,
7,1_152313588-152313589_PMGRC-32-32-0,PMGRC-32-32-0,,2023-12-12 15:13:22.624+00,SNV/INDEL,GRCh38,1,152313587,TCT,T,CA1107702,FLG,ENST00000368799.2,c.1297_1298del,p.Asp433fs,Heterozygous,0,paternal,1_152312601-152312604_PMGRC-32-32-0,in trans,Known,Ichthyosis vulgaris,146700,Autosomal recessive,Pathogenic,,,,Full,,,SR-GS,,,
8,1_152312601-152312604_PMGRC-32-32-0,PMGRC-32-32-0,,2023-12-12 15:16:14.256+00,SNV/INDEL,GRCh38,1,152312600,GACTG,ACTG,CA126361,FLG,ENST00000368799.2,c.2282_2285del,p.Ser761fs,Heterozygous,0,maternal,1_152313588-152313589_PMGRC-32-32-0,in trans,Known,Ichthyosis vulgaris,146700,Autosomal recessive,Pathogenic,,,,Full,,,SR-GS,,,
9,15_48474369_PMGRC-1040-1040-0,PMGRC-1040-1040-0,,2023-12-12 15:20:37.151+00,SNV/INDEL,GRCh38,15,48474369,C,T,CA014760,FBN1,ENST00000316623.10,c.4096G>A,p.Glu1366Lys,Heterozygous,0,unknown,,,Known,Marfan syndrome,154700,Autosomal dominant,Pathogenic,,,,Full,,,SR-GS,,,
10,6_26090951_PMGRC-124-124-0,PMGRC-124-124-0,,2023-12-12 15:29:23.35+00,SNV/INDEL,GRCh38,6,26090951,C,G,CA113797,HFE,ENST00000357618.10,c.187C>G,p.His63Asp,Heterozygous,0,unknown,"6_26092960_PMGRC-124-124-0
",unknown,Known,Hemochromatosis,235200,Autosomal recessive,Curation in progress,,,,Full,n/a,,SR-GS,,,
11,6_26092960_PMGRC-124-124-0,PMGRC-124-124-0,,2023-12-12 15:38:33.372+00,SNV/INDEL,GRCh38,6,26092960,G,A,,HFE,ENST00000357618.10,c.892G>A,p.Glu298Lys,Heterozygous,0,unknown,6_26090951_PMGRC-124-124-0,unknown,Known,Hemochromatosis,235200,Autosomal recessive,Curation in progress,,,,Full,n/a,,SR-GS,,,
12,12_27969491_PMGRC-13-13-0,PMGRC-13-13-0,,2023-12-12 15:43:21.818+00,SNV/INDEL,GRCh38,12,27969491,G,A,,PTHLH,ENST00000545234.6,c.4C>T,p.Gln2*,Heterozygous,0,unknown,,,Known,"Brachydactyly, type E2	",613382,Autosomal dominant,Curation in progress,,,,Full,,,,,,
13,4_83273617_PMGRC-158-158-0,PMGRC-158-158-0,,2023-12-12 15:48:30.523+00,SNV/INDEL,GRCh38,4,83273617,C,G,,COQ2,ENST00000647002.2,c.421G>C,p.Val141Leu,Heterozygous,0,maternal,4_83284626_PMGRC-158-158-0,in trans,Known,Coenzyme Q10 deficiency,607426,Autosomal recessive,Curation in progress,,,,Full,n/a,,SR-GS,,,
14,4_83284626_PMGRC-158-158-0,PMGRC-158-158-0,,2023-12-12 15:53:50.383+00,SNV/INDEL,GRCh38,4,83284626,C,CG,,COQ2,ENST00000647002.2,c.138dup,p.Ala47fs,Heterozygous,0,paternal,4_83273617_PMGRC-158-158-0,in trans,Known,Coenzyme Q10 deficiency,607426,Autosomal recessive,Curation in progress,,,,Full,,,SR-GS,,,
15,12_51765675_PMGRC-176-176-0,PMGRC-176-176-0,,2023-12-12 16:01:18.82+00,SNV/INDEL,GRCh38,12,51765675,G,A,CA163107,SCN8A,ENST00000627620.5,c.2549G>A,p.Arg850Gln,Heterozygous,0,nonmaternal,,,Known,Developmental and epileptic encephalopathy 13,614558,Autosomal dominant,Pathogenic,,,,Full,,,SR-GS,,,
16,16_87334283_PMGRC-204-204-0,PMGRC-204-204-0,,2023-12-12 16:06:31.229+00,SNV/INDEL,GRCh38,16,87334283,C,T,,FBXO31,ENST00000311635.12,c.1000G>A ,p.Asp334Asn,Heterozygous,0,nonmaternal,,,Known,FBXO31-related spastic-dystonic cerebral palsy syndrome,,Autosomal dominant,Curation in progress,,,,Full,,,SR-GS,Condition has moderate disease association evidence but this variant has been reported 3x de novo,,
17,15_27983383_PMGRC-212-212-0,PMGRC-212-212-0,,2023-12-12 16:19:18.116+00,SNV/INDEL,GRCh38,15,27983383,T,C,CA251640,OCA2,ENST00000354638.8,c.1465A>G ,p.Asn489Asp,Heterozygous,0,unknown,,unknown,Known,Oculocutaneous albanism,203200,Autosomal recessive,Pathogenic,,,,Full,,,SR-GS,Second hit is SV,,
18,X_153694124_PMGRC-205-205-0,PMGRC-205-205-0,,2023-12-12 16:23:54.325+00,SNV/INDEL,GRCh38,X,153694124,CCA,C,,SLC6A8,ENST00000253122.10,c.1255-3_1255-2delCA,,Hemizygous,0,unknown,,,Known,Cerebral creatine deficiency syndrome 1,300352,X-linked,Likely pathogenic,,,,Full,,,SR-GS,,,
19,1_ 44636130_PMGRC-265-265-0,PMGRC-265-265-0,,2023-12-12 16:28:59.127+00,SNV/INDEL,GRCh38,1,44636130,G,A,,RNF220,ENST00000361799.7,c.1094G>A,p.Arg365Gln,Homozygous,0,biparental,,,Known,"Leukodystrophy, hypomyelinating, 23, with ataxia, deafness, liver dysfunction, and dilated cardiomyopathy",619688,Autosomal recessive,Curation in progress,,,,Full,,,SR-GS,,,
20,12_112472981_PMGRC-316-316-0,PMGRC-316-316-0,,2023-12-12 16:35:53.556+00,SNV/INDEL,GRCh38,12,112472981,G,A,CA234739,PTPN11,ENST00000351677.7,c.794G>A,p.Arg265Gln,Heterozygous,0,paternal,,,Known,Noonan syndrome,163950,Autosomal dominant,Pathogenic,,,,Full,,,SR-GS,,,
21,13_99983074_PMGRC-440-440-0,PMGRC-440-440-0,,2023-12-12 16:39:06.36+00,SNV/INDEL,GRCh38,13,99983063,CT,T,,ZIC2,ENST00000376335.8,c.1013del,p.Pro338fs,Heterozygous,0,de novo,,,Known,Holoprosencephaly,609637,Autosomal dominant,Likely pathogenic,,,,Full,,,SR-GS,,,
22,13_99985448_PMGRC-451-451-0,PMGRC-451-451-0,,2023-12-12 17:44:32.156+00,SNV/INDEL,GRCh38,13,99985441,A,AGCGGCGGCGGCAGCGGCGGCGGCGGCTGCG,CA658658236,ZIC2,ENST00000376335.8,c.1377_1406dup,p.Ala461_Ala470dup,Heterozygous,0,de novo,,,Known,Holoprosencephaly,609637,Autosomal dominant,Pathogenic,,,,Full,,,SR-GS,,,
23,11_78493136_PMGRC-88-88-0,PMGRC-88-88-0,,2023-12-12 17:50:09.272+00,SNV/INDEL,GRCh38,11,78493136,C,T,CA6205723,NARS2,ENST00000281038.10,c.749G>A ,p.Arg250Gln,Heterozygous,0,paternal,SV,in trans,Known,Combined oxidative phosphorylation deficiency 24,616239,Autosomal recessive,Curation in progress,,,,Full,n/a,,SR-GS,SV in trans,,
24,11_119278541_PMGRC-101-101-0,PMGRC-101-101-0,,2023-12-12 17:55:03.194+00,SNV/INDEL,GRCh38,11,119278541,G,A,CA123490,CBL,ENST00000264033.6,c.1259G>A ,p.Arg420Gln,Heterozygous,0,nonmaternal,,,Known,"Noonan syndrome-like disorder with or without juvenile myelomonocytic leukemia	",613563,Autosomal dominant,Pathogenic,,,,Full,n/a,Affected brother,SR-GS,,,
25,2_120971990_PMGRC-437-437-0,PMGRC-437-437-0,,2023-12-12 18:03:32.975+00,SNV/INDEL,GRCh38,2,120971990,CCATTCACAAG,C,,GLI2,ENST00000361492.9,c.1111_1120del,p.Ile371fs,Heterozygous,0,paternal,,,Known,Holoprosencephaly,610829,Autosomal dominant,Likely pathogenic,,,,Full,,,SR-GS,,,
26,7_39951062_PMGRC-635-635-0,PMGRC-635-635-0,,2023-12-12 18:08:41.246+00,SNV/INDEL,GRCh38,7,39951062,A,AC,,CDK13,ENST00000181839.10,c.425dup,p.Leu143fs,Heterozygous,0,nonmaternal,,,Known,"Congenital heart defects, dysmorphic facial features, and intellectual developmental disorder",617360,Autosomal dominant,Likely pathogenic,,,,Full,,,SR-GS,,,
27,7_92494496_PMGRC-403-403-0,PMGRC-403-403-0,,2023-12-12 18:12:44.952+00,SNV/INDEL,GRCh38,7,92494496,CT,C,,PEX1,ENST00000248633.9,c.2916del,p.Gly973fs,Heterozygous,0,paternal,7_92513247_PMGRC-403-403-0,in trans,Known,Peroxisome biogenesis disorder 1A,214100,Autosomal recessive,Pathogenic,,,,Full,,,SR-GS,,,
28,7_92513247_PMGRC-403-403-0,PMGRC-403-403-0,,2023-12-12 18:19:36.551+00,SNV/INDEL,GRCh38,7,92513247,T,C,,PEX1,ENST00000248633.9,c.1359+601A>G,,Heterozygous,0,maternal,7_92494497_PMGRC-403-403-0,in trans,Known,Peroxisome biogenesis disorder 1A,214100,Autosomal recessive,Curation in progress,,,,Full,n/a,,SR-GS,,,
29,7_66089114_PMGRC-658-658-0,PMGRC-658-658-0,,2023-12-12 18:22:42.984+00,SNV/INDEL,GRCh38,7,66089114,A,G,CA252263,ASL,ENST00000304874.14,c.857A>G,p.Gln286Arg,Homozygous,0,biparental,,,Known,Argininosuccinic aciduria,207900,Autosomal recessive,Pathogenic,,,,Partial,HP:0025630,,SR-GS,,,
30,1_100200640_PMGRC-658-658-0,PMGRC-658-658-0,,2023-12-12 18:28:15.301+00,SNV/INDEL,GRCh38,1,100200644,C,T,,DBT,ENST00000370132.8,c.1282-4218G>A,,Homozygous,0,biparental,,,Known,"Maple syrup urine disease, type II",248600,Autosomal recessive,Curation in progress,,,,Partial,HP:0008344,Affected sister,SR-GS,,,
31,X_13762368_PMGRC-700-700-0,PMGRC-700-700-0,,2023-12-12 18:32:00.358+00,SNV/INDEL,GRCh38,X,13762368,T,T,,OFD1,ENST00000340096.11,c.2413dup ,p.Gln805fs,Heterozygous,0,maternal,,,Known,Joubert syndrome,300804,X-linked,Likely pathogenic,,,,Full,,,SR-GS,,,
32,9_99147751_PMGRC-991-991-0,PMGRC-991-991-0,,2023-12-12 18:39:45.831+00,SNV/INDEL,GRCh38,9,99147751,GC,G,,TGFBR1,ENST00000374994.9,c.1355del,p.Pro452fs,Heterozygous,0,unknown,,,Known,Loeys-Dietz syndrome 1,609192,Autosomal dominant,Likely pathogenic,,,,Full,,,SR-GS,,,
33,15_88857336_PMGRC-114-114-0,PMGRC-114-114-0,,2023-12-12 18:43:33.933+00,SNV/INDEL,GRCh38,15,88857336,AG,A,,ACAN,ENST00000439576.2,c.4753del,p.Asp1585fs,Heterozygous,0,paternal,"15_88841871_PMGRC-114-114-0
",in trans,Known,"Spondyloepimetaphyseal dysplasia, aggrecan type	",612813,Autosomal recessive,Likely pathogenic,,,,Full,,,SR-GS,,,
34,15_88841871_PMGRC-114-114-0,PMGRC-114-114-0,,2023-12-12 18:52:15.047+00,SNV/INDEL,GRCh38,15,88841874,A,G,,ACAN,ENST00000439576.2,c.757+4A>G,,Heterozygous,0,maternal,15_88857336_PMGRC-114-114-0,in trans,Known,"Spondyloepimetaphyseal dysplasia, aggrecan type",612813,Autosomal recessive,Curation in progress,,,,Full,n/a,,SR-GS,,,
35,test-genetic-id,PMGRC-,,2024-01-29 21:44:43.053+00,SNV/INDEL,CHM13,Y,44,4,4,,4343,,,,Homozygous,0,,,,Candidate,,,,,,,,,fsdf,,,,No,no prior testing known.