id,name,email,signup_date,role,enabled
1,Peter Rubina,kmackegg3n@hugedomains.com,2023-01-21 07:25:00,Admin,t
2,Egdale Hank,sbohey1y@twitter.com,2023-01-05 19:37:00,Admin,f
3,Ledger Jillana,hwarbrick1s@alibaba.com,2023-01-25 15:31:00,Admin,t
4,Craiker Carter,wstempe40@boston.com,2023-01-24 10:27:00,Admin,f
5,Gimson Mona,restick1k@sohu.com,2023-01-24 15:43:00,Admin,t
6,Stempe Dag,mhamsleyt@ask.com,2023-01-10 18:35:00,Admin,f
7,Bexley Bern,bweddeburn55@cloudflare.com,2023-01-14 07:01:00,Viewer,f
8,Devanny Stefania,nmcdiarmid6n@prweb.com,2023-01-05 11:06:00,Admin,t
9,Corssen Sibylle,troebottom6m@cbsnews.com,2023-01-30 12:41:00,Admin,t
10,Loache Blake,etexton2d@stanford.edu,2023-01-06 11:41:00,Editor,f
11,Meadowcroft Rhianon,hfeore1f@naver.com,2023-01-05 12:54:00,Editor,f
12,Fifield Leena,gguerre3f@flickr.com,2023-01-23 11:34:00,Viewer,f
13,Banger Scarlett,bhollyland3e@prnewswire.com,2023-01-06 12:41:00,Admin,t
14,Neles Netti,acafe13@xinhuanet.com,2023-01-28 08:40:00,Admin,f
15,Haddow Herb,ghalward4@nsw.gov.au,2023-01-17 21:51:00,Admin,f
16,Feldheim Kenyon,cbrabham3p@a8.net,2023-01-23 04:55:00,Admin,f
17,Kubach Cletus,kaitkeny@telegraph.co.uk,2023-01-18 12:32:00,Admin,t
18,Cathro Way,ahucklesby1v@ucsd.edu,2023-01-03 20:07:00,Editor,f
19,Olenchenko Lexy,pleverage1z@salon.com,2023-01-20 02:30:00,Admin,f
20,Kopman Darrin,nrogeon5o@studiopress.com,2023-01-10 20:54:00,Admin,t
21,Vanin Costa,chyam5u@usatoday.com,2023-01-24 05:06:00,Editor,t
22,Cullrford Cosette,ddurrett42@yahoo.com,2023-01-21 07:38:00,Viewer,t
23,Cornels Tom,jmaccafferky57@archive.org,2023-01-03 19:14:00,Admin,f
24,Arckoll Marjory,hwilber2t@blinklist.com,2023-01-13 21:38:00,Editor,t
25,Meadowcroft Elvera,fgodmarr@ameblo.jp,2023-01-28 12:19:00,Viewer,t
26,Kubach Gilemette,tpikett4d@gnu.org,2023-01-21 12:09:00,Editor,t
27,Hamsley Darrin,pravillas4l@yale.edu,2023-01-10 01:52:00,Admin,f
28,Clutten Abran,spenkman6a@youtube.com,2023-01-14 15:24:00,Admin,t
29,Keitley Dalenna,tcornels6e@mail.ru,2023-01-30 17:59:00,Admin,t
30,Westwick Sela,bboyle4a@ocn.ne.jp,2023-01-11 03:09:00,Viewer,f
31,Quemby Sullivan,kgecks20@comsenz.com,2023-01-30 06:53:00,Viewer,t
32,Radleigh Gaylor,peich4p@github.com,2023-01-04 07:00:00,Admin,t
33,Boman Ardeen,dbonick18@shareasale.com,2023-01-08 21:47:00,Admin,f
34,Wilber Darrin,iloache38@photobucket.com,2023-01-13 13:26:00,Admin,t
35,Veare Birch,ahucklesby1v@ucsd.edu,2023-01-26 14:16:00,Editor,f
36,Reasce Etienne,acarnoghan25@economist.com,2023-01-05 16:10:00,Editor,f
37,Cafe Nissa,ddobbisonq@hubpages.com,2023-01-31 01:15:00,Admin,t
38,De Robertis Erhard,danten3q@bbc.co.uk,2023-01-08 21:31:00,Admin,f
39,Mitchely Beilul,kaitkeny@telegraph.co.uk,2023-01-30 19:22:00,Admin,t
40,Melley Maggy,dwhisker2r@topsy.com,2023-01-24 06:01:00,Viewer,f
41,Egdale Henderson,wweatherburn3r@discuz.net,2023-01-29 17:24:00,Admin,f
42,Vanin Booth,tolenchenko3i@chron.com,2023-01-24 00:53:00,Admin,f
43,Rawlingson Quinlan,hdocherty2k@360.cn,2023-01-28 04:54:00,Admin,t
44,Blackmoor Imogene,bpycock5@myspace.com,2023-01-04 06:42:00,Admin,t
45,McQuarter Stefania,tborth5b@zimbio.com,2023-01-10 14:38:00,Viewer,t
46,Codner King,cthorold1i@ca.gov,2023-01-04 05:10:00,Admin,t
47,Dobbison Costa,apyne3o@sourceforge.net,2023-01-26 06:20:00,Viewer,t
48,Estick Maggy,kgecks20@comsenz.com,2023-01-24 00:05:00,Admin,t
49,Bransom Keane,vhandrik5z@adobe.com,2023-01-01 17:21:00,Admin,f
50,Esposi Tory,cthorold1i@ca.gov,2023-01-09 02:32:00,Admin,f